sender.country,sender.city,sender.state,sender.latitude,sender.longitude,receiver.country,receiver.city,receiver.state,receiver.latitude,receiver.longitude,date,number.of.items,percent.of.all.items
USA,Orange,NJ,33.787794,-117.853112,DEU,Ribnitz,Mecklenburg,54.252211,12.439749,1884-07-12,352,0.12974232142922962
USA,Cincinnati,OH,39.103118,-84.51202,DEU,Ribnitz,Mecklenburg,54.252211,12.439749,1862-12-24,308,0.11352453125057592
USA,Cincinnati,OH,39.103118,-84.51202,DEU,Ribnitz,Mecklenburg,54.252211,12.439749,1869-12-15,365,0.13453394125474094
USA,Cincinnati,OH,39.103118,-84.51202,DEU,Ribnitz,Mecklenburg,54.252211,12.439749,1862-12-24,542,0.1997736881097797
USA,Cincinnati,OH,39.103118,-84.51202,DEU,Ribnitz,Mecklenburg,54.252211,12.439749,1864-11-13,452,0.16660093547162438
USA,Cincinnati,OH,39.103118,-84.51202,DEU,Ribnitz,Mecklenburg,54.252211,12.439749,1869-12-15,512,0.18871610389706125
USA,Cincinnati,OH,39.103118,-84.51202,DEU,Ribnitz,Mecklenburg,54.252211,12.439749,1877-06-02,466,0.17176114143755966
USA,Cincinnati,OH,39.103118,-84.51202,DEU,Ribnitz,Mecklenburg,54.252211,12.439749,1860-08-06,416,0.15333183441636228
USA,Cincinnati,OH,39.103118,-84.51202,DEU,Ribnitz,Mecklenburg,54.252211,12.439749,1861-08-07,338,0.12458211546329435
USA,Cincinnati,OH,39.103118,-84.51202,DEU,Ribnitz,Mecklenburg,54.252211,12.439749,1864-01-17,333,0.12273918476117461
USA,Newport,KY,39.091449,-84.495776,DEU,Ribnitz,Mecklenburg,54.252211,12.439749,1864-12-24,509,0.18761034547578942
USA,Oskaloosa,IA,41.291673,-92.649359,DEU,Ribnitz,Mecklenburg,54.252211,12.439749,1865-09-13,563,0.2075139970586826
USA,Oskaloosa,IA,41.291673,-92.649359,DEU,Ribnitz,Mecklenburg,54.252211,12.439749,1865-10-13,452,0.16660093547162438
USA,Oskaloosa,IA,41.291673,-92.649359,DEU,Ribnitz,Mecklenburg,54.252211,12.439749,1866-10-24,268,0.09878108563361801
USA,Oskaloosa,IA,41.291673,-92.649359,DEU,Ribnitz,Mecklenburg,54.252211,12.439749,1867-06-04,531,0.19571924056511628
USA,Oskaloosa,IA,41.291673,-92.649359,DEU,Ribnitz,Mecklenburg,54.252211,12.439749,1867-08-14,350,0.1290051491483817
USA,Oskaloosa,IA,41.291673,-92.649359,DEU,Ribnitz,Mecklenburg,54.252211,12.439749,1868-05-10,436,0.16070355722484123
USA,Oskaloosa,IA,41.291673,-92.649359,DEU,Ribnitz,Mecklenburg,54.252211,12.439749,1869-07-01,352,0.12974232142922962
USA,Oskaloosa,IA,41.291673,-92.649359,DEU,Ribnitz,Mecklenburg,54.252211,12.439749,1869-10-25,451,0.16623234933120046
USA,Oskaloosa,IA,41.291673,-92.649359,DEU,Ribnitz,Mecklenburg,54.252211,12.439749,1871-07-20,286,0.10541563616124906
USA,Oskaloosa,IA,41.291673,-92.649359,DEU,Ribnitz,Mecklenburg,54.252211,12.439749,1876-09-24,527,0.1942448960034205
USA,Oskaloosa,IA,41.291673,-92.649359,DEU,Ribnitz,Mecklenburg,54.252211,12.439749,1877-04-16,384,0.14153707792279593
USA,Oskaloosa,IA,41.291673,-92.649359,DEU,Ribnitz,Mecklenburg,54.252211,12.439749,1877-09-03,343,0.12642504616541408
USA,Oskaloosa,IA,41.291673,-92.649359,DEU,Ribnitz,Mecklenburg,54.252211,12.439749,1878-06-19,350,0.1290051491483817
USA,Newport,KY,39.091449,-84.495776,DEU,Ribnitz,Mecklenburg,54.252211,12.439749,1864-12-23,379,0.13969414722067622
USA,Newport,KY,39.091449,-84.495776,DEU,Ribnitz,Mecklenburg,54.252211,12.439749,1865-01-19,429,0.1581234542418736
USA,Oskaloosa,IA,41.291673,-92.649359,DEU,Ribnitz,Mecklenburg,54.252211,12.439749,1866-11-01,381,0.1404313195015241
USA,Oskaloosa,IA,41.291673,-92.649359,DEU,Ribnitz,Mecklenburg,54.252211,12.439749,1867-06-07,410,0.15112031757381858
USA,Oskaloosa,IA,41.291673,-92.649359,DEU,Ribnitz,Mecklenburg,54.252211,12.439749,1867-07-15,408,0.1503831452929707
USA,Oskaloosa,IA,41.291673,-92.649359,DEU,Ribnitz,Mecklenburg,54.252211,12.439749,1868-05-10,481,0.1772899335439189
USA,Warsaw,IL,40.359211,-91.434598,DEU,Ribnitz,Mecklenburg,54.252211,12.439749,1870-06-12,428,0.15775486810144965
USA,Warsaw,IL,40.359211,-91.434598,DEU,Ribnitz,Mecklenburg,54.252211,12.439749,1871-05-31,379,0.13969414722067622
USA,Warsaw,IL,40.359211,-91.434598,DEU,Ribnitz,Mecklenburg,54.252211,12.439749,1871-06-17,536,0.19756217126723602
USA,Warsaw,IL,40.359211,-91.434598,DEU,Ribnitz,Mecklenburg,54.252211,12.439749,1872-10-20,346,0.12753080458668592
USA,Koekuk,IA?,40.404473,-91.396397,DEU,Ribnitz,Mecklenburg,54.252211,12.439749,1877-09-03,446,0.1643894186290807
USA,Koekuk,IA?,40.404473,-91.396397,DEU,Ribnitz,Mecklenburg,54.252211,12.439749,1878-06-19,368,0.13563969967601278
USA,Cincinnati,OH,39.103118,-84.51202,DEU,Ribnitz,Mecklenburg,54.252211,12.439749,1860-08-06,311,0.11463028967184775
USA,Cincinnati,OH,39.103118,-84.51202,DEU,Ribnitz,Mecklenburg,54.252211,12.439749,1861-08-07,370,0.13637687195686068
USA,Oskaloosa,IA,41.291673,-92.649359,DEU,Ribnitz,Mecklenburg,54.252211,12.439749,1862-12-24,585,0.21562289214800945
USA,Cincinnati,OH,39.103118,-84.51202,DEU,Ribnitz,Mecklenburg,54.252211,12.439749,1864-01-17,503,0.18539882863324572
USA,Oskaloosa,IA,41.291673,-92.649359,DEU,Ribnitz,Mecklenburg,54.252211,12.439749,1864-10-12,410,0.15112031757381858
USA,Newport,KY,39.091449,-84.495776,DEU,Ribnitz,Mecklenburg,54.252211,12.439749,1864-12-24,524,0.19313913758214862
USA,Oskaloosa,IA,41.291673,-92.649359,DEU,Ribnitz,Mecklenburg,54.252211,12.439749,1865-09-13,426,0.15701769582060177
USA,Oskaloosa,IA,41.291673,-92.649359,DEU,Ribnitz,Mecklenburg,54.252211,12.439749,1865-09-13,392,0.14448576704618754
USA,Oskaloosa,IA,41.291673,-92.649359,DEU,Ribnitz,Mecklenburg,54.252211,12.439749,1866-10-24,407,0.15001455915254674
USA,Oskaloosa,IA,41.291673,-92.649359,DEU,Ribnitz,Mecklenburg,54.252211,12.439749,1866-10-24,464,0.17102396915671178
USA,Oskaloosa,IA,41.291673,-92.649359,DEU,Ribnitz,Mecklenburg,54.252211,12.439749,1867-06-04,377,0.1389569749398283
USA,Oskaloosa,IA,41.291673,-92.649359,DEU,Ribnitz,Mecklenburg,54.252211,12.439749,1867-08-14,320,0.11794756493566329
USA,Oskaloosa,IA,41.291673,-92.649359,DEU,Ribnitz,Mecklenburg,54.252211,12.439749,1868-05-10,307,0.11315594511015196
USA,Oskaloosa,IA,41.291673,-92.649359,DEU,Ribnitz,Mecklenburg,54.252211,12.439749,1869-07-01,369,0.13600828581643673
USA,Oskaloosa,IA,41.291673,-92.649359,DEU,Ribnitz,Mecklenburg,54.252211,12.439749,1869-10-25,375,0.13821980265898043
USA,Oskaloosa,IA,41.291673,-92.649359,DEU,Ribnitz,Mecklenburg,54.252211,12.439749,1871-07-20,253,0.09325229352725879
USA,Oskaloosa,IA,41.291673,-92.649359,DEU,Ribnitz,Mecklenburg,54.252211,12.439749,1876-09-24,601,0.2215202703947926
USA,Newport,KY,39.091449,-84.495776,DEU,Ribnitz,Mecklenburg,54.252211,12.439749,1864-12-23,336,0.12384494318244646
USA,Newport,KY,39.091449,-84.495776,DEU,Ribnitz,Mecklenburg,54.252211,12.439749,1865-01-19,518,0.19092762073960495
USA,Maisfeld,near Oskaloosa,41.291673,-92.649359,DEU,Ribnitz,Mecklenburg,54.252211,12.439749,1865-10-01,542,0.1997736881097797
USA,Oskaloosa,IA,41.291673,-92.649359,DEU,Ribnitz,Mecklenburg,54.252211,12.439749,1866-11-01,264,0.09730674107192222
USA,Oskaloosa,IA,41.291673,-92.649359,DEU,Ribnitz,Mecklenburg,54.252211,12.439749,1867-02-24,402,0.148171628450427
USA,Warsaw,IL,40.359211,-91.434598,DEU,Ribnitz,Mecklenburg,54.252211,12.439749,1870-06-12,437,0.16107214336526518
USA,Warsaw,IL,40.359211,-91.434598,DEU,Ribnitz,Mecklenburg,54.252211,12.439749,1871-05-31,385,0.1419056640632199
USA,Warsaw,IL,40.359211,-91.434598,DEU,Ribnitz,Mecklenburg,54.252211,12.439749,1872-10-20,474,0.17470983056095124
USA,Monroe,MI,41.916434,-83.39771,DEU,Nienhagen,Mecklenburg,54.161424,11.953062,1895-11-21,360,0.1326910105526212
USA,Tonawanda,NY,43.020335,-78.880315,DEU,Nienhagen,Mecklenburg,54.161424,11.953062,1893-10-20,522,0.19240196530130074
USA,Tonawanda,NY,43.020335,-78.880315,DEU,Nienhagen,Mecklenburg,54.161424,11.953062,1898-07-31,401,0.14780304231000305
USA,Tonawanda,NY,43.020335,-78.880315,DEU,Nienhagen,Mecklenburg,54.161424,11.953062,1902-08-08,274,0.1009926024761617
USA,Tonawanda,NY,43.020335,-78.880315,DEU,Nienhagen,Mecklenburg,54.161424,11.953062,1910-01-18,227,0.08366905387623615
USA,Tonawanda,NY,43.020335,-78.880315,DEU,Nienhagen,Mecklenburg,54.161424,11.953062,1916-10-01,466,0.17176114143755966
USA,Tonawanda,NY,43.020335,-78.880315,DEU,Nienhagen,Mecklenburg,54.161424,11.953062,1893-10-20,409,0.15075173143339465
USA,Tonawanda,NY,43.020335,-78.880315,DEU,Nienhagen,Mecklenburg,54.161424,11.953062,1910-01-18,363,0.13379676897389303
USA,Tonawanda,NY,43.020335,-78.880315,DEU,Nienhagen,Mecklenburg,54.161424,11.953062,1916-10-01,319,0.11757897879523935
USA,Tonawanda,NY,43.020335,-78.880315,DEU,Nienhagen,Mecklenburg,54.161424,11.953062,1914-08-26,510,0.18797893161621337
USA,Tonawanda,NY,43.020335,-78.880315,DEU,Nienhagen,Mecklenburg,54.161424,11.953062,1903-03-19,320,0.11794756493566329
USA,Tonawanda,NY,43.020335,-78.880315,DEU,Nienhagen,Mecklenburg,54.161424,11.953062,1904-10-26,392,0.14448576704618754
USA,Oak Grove,WI,43.386106,-88.74566,DEU,Neubrunn,TH,50.49939,10.468045,1865-01-25,283,0.10430987773997723
USA,Oak Grove,WI,43.386106,-88.74566,DEU,Neubrunn,TH,50.49939,10.468045,1865-10-17,363,0.13379676897389303
USA,Oak Grove,WI,43.386106,-88.74566,DEU,Neubrunn,TH,50.49939,10.468045,1866-08-15,457,0.16844386617374413
USA,Oak Grove,WI,43.386106,-88.74566,DEU,Neubrunn,TH,50.49939,10.468045,1867-10-17,401,0.14780304231000305
USA,Oak Grove,WI,43.386106,-88.74566,DEU,Neubrunn,TH,50.49939,10.468045,1868-01-11,482,0.17765851968434282
USA,Oak Grove,WI,43.386106,-88.74566,DEU,Neubrunn,TH,50.49939,10.468045,1869-01-12,403,0.14854021459085096
USA,Edwardsville,IL,38.811436,-89.953157,DEU,Neubrunn,TH,50.49939,10.468045,1872-11-12,424,0.15628052353975386
USA,Edwardsville,IL,38.811436,-89.953157,DEU,Neubrunn,TH,50.49939,10.468045,1873-08-21,280,0.10320411931870538
USA,Edwardsville,IL,38.811436,-89.953157,DEU,Neubrunn,TH,50.49939,10.468045,1874-08-13,497,0.18318731179070205
USA,Edwardsville,IL,38.811436,-89.953157,DEU,Neubrunn,TH,50.49939,10.468045,1875-05-16,378,0.13932556108025226
USA,Edwardsville,IL,38.811436,-89.953157,DEU,Neubrunn,TH,50.49939,10.468045,1876-10-18,413,0.15222607599509044
USA,Edwardsville,IL,38.811436,-89.953157,DEU,Neubrunn,TH,50.49939,10.468045,1879-07-30,342,0.12605646002499013
USA,Edwardsville,IL,38.811436,-89.953157,DEU,Neubrunn,TH,50.49939,10.468045,1881-09-09,441,0.16254648792696097
USA,New York,NY,40.712784,-74.005941000000007,DEU,Limbach,SA,50.584022,12.252519,1884-08-10,381,0.1404313195015241
USA,Williamsburg,NY,40.708116,-73.95707,DEU,Limbach,SA,50.584022,12.252519,1885-01-10,515,0.18982186231833312
USA,Williamsburg,NY,40.708116,-73.95707,DEU,Limbach,SA,50.584022,12.252519,1885-04-01,72,0.02653820211052424
USA,Brooklyn,NY,40.678178,-73.944158,DEU,Limbach,SA,50.584022,12.252519,1885-07-01,372,0.13711404423770857
USA,Brooklyn,NY,40.678178,-73.944158,DEU,Limbach,SA,50.584022,12.252519,1885-11-14,255,0.09398946580810669
USA,San Francisco,CA,37.77493,-122.419416,DEU,Limbach,SA,50.584022,12.252519,1886-04-12,286,0.10541563616124906
USA,San Francisco,CA,37.77493,-122.419416,DEU,Limbach,SA,50.584022,12.252519,1887-08-19,453,0.16696952161204834
USA,San Francisco,CA,37.77493,-122.419416,DEU,Limbach,SA,50.584022,12.252519,1887-10-10,390,0.14374859476533963
USA,San Francisco,CA,37.77493,-122.419416,DEU,Limbach,SA,50.584022,12.252519,1891-12-09,298,0.10983866984633643
USA,San Francisco,CA,37.77493,-122.419416,DEU,Limbach,SA,50.584022,12.252519,1892-05-11,467,0.17212972757798362
USA,San Francisco,CA,37.77493,-122.419416,DEU,Limbach,SA,50.584022,12.252519,1887-10-10,471,0.1736040721396794
USA,Brooklyn,NY,40.678178,-73.944158,DEU,Limbach,SA,50.584022,12.252519,1877-03-14,351,0.12937373528880566
USA,Union Hill,NY,43.222841,-77.371658,DEU,Limbach,SA,50.584022,12.252519,1877-08-14,408,0.1503831452929707
USA,New York,NY,40.712784,-74.005941000000007,DEU,Limbach,SA,50.584022,12.252519,1880-02-04,492,0.1813443810885823
USA,New York,NY,40.712784,-74.005941000000007,DEU,Limbach,SA,50.584022,12.252519,1880-08-19,347,0.12789939072710987
USA,New York,NY,40.712784,-74.005941000000007,DEU,Limbach,SA,50.584022,12.252519,1880-12-05,462,0.17028679687586387
USA,New York,NY,40.712784,-74.005941000000007,DEU,Limbach,SA,50.584022,12.252519,1881-05-11,500,0.1842930702119739
USA,New York,NY,40.712784,-74.005941000000007,DEU,Limbach,SA,50.584022,12.252519,1881-08-03,414,0.15259466213551437
USA,New York,NY,40.712784,-74.005941000000007,DEU,Limbach,SA,50.584022,12.252519,1882-02-08,426,0.15701769582060177
USA,New York,NY,40.712784,-74.005941000000007,DEU,Limbach,SA,50.584022,12.252519,1882-04-12,407,0.15001455915254674
USA,New York,NY,40.712784,-74.005941000000007,DEU,Limbach,SA,50.584022,12.252519,1882-08-09,337,0.1242135293228704
USA,New York,NY,40.712784,-74.005941000000007,DEU,Limbach,SA,50.584022,12.252519,1882-12-05,444,0.1636522463482328
USA,New York,NY,40.712784,-74.005941000000007,DEU,Limbach,SA,50.584022,12.252519,1883-02-10,366,0.1349025273951649
USA,New York,NY,40.712784,-74.005941000000007,DEU,Limbach,SA,50.584022,12.252519,1883-04-18,397,0.14632869774830726
USA,New York,NY,40.712784,-74.005941000000007,DEU,Limbach,SA,50.584022,12.252519,1883-04-18,481,0.1772899335439189
USA,New York,NY,40.712784,-74.005941000000007,DEU,Limbach,SA,50.584022,12.252519,1883-04-18,511,0.18834751775663733
USA,New York,NY,40.712784,-74.005941000000007,DEU,Limbach,SA,50.584022,12.252519,1883-07-25,357,0.13158525213134936
USA,New York,NY,40.712784,-74.005941000000007,DEU,Limbach,SA,50.584022,12.252519,1883-09-28,339,0.1249507016037183
USA,New York,NY,40.712784,-74.005941000000007,DEU,Limbach,SA,50.584022,12.252519,1883-10-21,297,0.10947008370591249
USA,New York,NY,40.712784,-74.005941000000007,DEU,Limbach,SA,50.584022,12.252519,1884-04-26,434,0.15996638494399334
USA,New York,NY,40.712784,-74.005941000000007,DEU,Limbach,SA,50.584022,12.252519,1884-06-21,507,0.1868731731949415
USA,New York,NY,40.712784,-74.005941000000007,DEU,Limbach,SA,50.584022,12.252519,1884-08-10,359,0.13232242441219724
USA,Williamsburg,NY,40.708116,-73.95707,DEU,Limbach,SA,50.584022,12.252519,1885-01-10,393,0.14485435318661147
USA,Brooklyn,NY,40.678178,-73.944158,DEU,Limbach,SA,50.584022,12.252519,1885-07-01,607,0.2237317872373363
USA,Brooklyn,NY,40.678178,-73.944158,DEU,Limbach,SA,50.584022,12.252519,1885-11-14,375,0.13821980265898043
USA,San Francisco,CA,37.77493,-122.419416,DEU,Limbach,SA,50.584022,12.252519,1886-04-12,331,0.12200201248032672
USA,San Francisco,CA,37.77493,-122.419416,DEU,Limbach,SA,50.584022,12.252519,1887-08-19,549,0.20235379109274734
USA,San Francisco,CA,37.77493,-122.419416,DEU,Limbach,SA,50.584022,12.252519,1890-12-01,340,0.12531928774414225
USA,San Francisco,CA,37.77493,-122.419416,DEU,Limbach,SA,50.584022,12.252519,1891-02-11,415,0.15296324827593832
USA,San Francisco,CA,37.77493,-122.419416,DEU,Limbach,SA,50.584022,12.252519,1891-09-11,398,0.1466972838887312
USA,San Francisco,CA,37.77493,-122.419416,DEU,Limbach,SA,50.584022,12.252519,1891-12-09,411,0.15148890371424253
USA,San Francisco,CA,37.77493,-122.419416,DEU,Limbach,SA,50.584022,12.252519,1892-05-11,300,0.11057584212718434
USA,San Francisco,CA,37.77493,-122.419416,DEU,Limbach,SA,50.584022,12.252519,1892-11-17,569,0.2097255139012263
USA,San Francisco,CA,37.77493,-122.419416,DEU,Limbach,SA,50.584022,12.252519,1894-06-14,407,0.15001455915254674
USA,San Francisco,CA,37.77493,-122.419416,DEU,Limbach,SA,50.584022,12.252519,1897-11-17,391,0.1441171809057636
USA,San Francisco,CA,37.77493,-122.419416,DEU,Limbach,SA,50.584022,12.252519,1914-08-13,375,0.13821980265898043
USA,Sonoma,CA,38.291859,-122.458036,DEU,Limbach,SA,50.584022,12.252519,1923-07-24,452,0.16660093547162438
USA,Sonoma,CA,38.291859,-122.458036,DEU,Limbach,SA,50.584022,12.252519,1924-12-27,309,0.11389311739099986
USA,Sonoma,CA,38.291859,-122.458036,DEU,Limbach,SA,50.584022,12.252519,1925-07-20,433,0.1595977988035694
DEU,OberweiÃŸbach,TH,50.581574,11.142585,USA,Brooklyn,NY,40.678178,-73.944158,1909-03-04,413,0.15222607599509044
USA,Brooklyn,NY,40.678178,-73.944158,DEU,OberweiÃŸbach,TH,50.581574,11.142585,1914-01-19,616,0.22704906250115184
USA,Brooklyn,NY,40.678178,-73.944158,DEU,OberweiÃŸbach,TH,50.581574,11.142585,1898-03-24,387,0.1426428363440678
USA,Brooklyn,NY,40.678178,-73.944158,DEU,OberweiÃŸbach,TH,50.581574,11.142585,1898-07-29,403,0.14854021459085096
USA,Brooklyn,NY,40.678178,-73.944158,DEU,OberweiÃŸbach,TH,50.581574,11.142585,1912-08-10,380,0.14006273336110014
USA,Brooklyn,NY,40.678178,-73.944158,DEU,OberweiÃŸbach,TH,50.581574,11.142585,1930-07-24,549,0.20235379109274734
USA,Brooklyn,NY,40.678178,-73.944158,DEU,OberweiÃŸbach,TH,50.581574,11.142585,1904-12-28,414,0.15259466213551437
USA,Brooklyn,NY,40.678178,-73.944158,DEU,OberweiÃŸbach,TH,50.581574,11.142585,1913-03-31,330,0.12163342633990276
USA,Brooklyn,NY,40.678178,-73.944158,DEU,OberweiÃŸbach,TH,50.581574,11.142585,1913-05-02,426,0.15701769582060177
USA,Brooklyn,NY,40.678178,-73.944158,DEU,OberweiÃŸbach,TH,50.581574,11.142585,1913-07-27,276,0.10172977475700959
USA,Brooklyn,NY,40.678178,-73.944158,DEU,OberweiÃŸbach,TH,50.581574,11.142585,1914-01-19,452,0.16660093547162438
USA,Brooklyn,NY,40.678178,-73.944158,DEU,OberweiÃŸbach,TH,50.581574,11.142585,1917-06-23,439,0.16180931564611306
USA,Brooklyn,NY,40.678178,-73.944158,DEU,OberweiÃŸbach,TH,50.581574,11.142585,1917-11-22,512,0.18871610389706125
USA,Brooklyn,NY,40.678178,-73.944158,DEU,OberweiÃŸbach,TH,50.581574,11.142585,1926-04-24,405,0.14927738687169886
USA,Brooklyn,NY,40.678178,-73.944158,DEU,OberweiÃŸbach,TH,50.581574,11.142585,1926-05-31,238,0.08772350142089957
USA,Brooklyn,NY,40.678178,-73.944158,DEU,OberweiÃŸbach,TH,50.581574,11.142585,1926-11-28,296,0.10910149756548854
USA,Brooklyn,NY,40.678178,-73.944158,DEU,OberweiÃŸbach,TH,50.581574,11.142585,1900-09-19,365,0.13453394125474094
USA,Brooklyn,NY,40.678178,-73.944158,DEU,OberweiÃŸbach,TH,50.581574,11.142585,1900-09-29,440,0.16217790178653702
USA,Brooklyn,NY,40.678178,-73.944158,DEU,OberweiÃŸbach,TH,50.581574,11.142585,1902-02-05,552,0.20345954951401918
USA,Brooklyn,NY,40.678178,-73.944158,DEU,OberweiÃŸbach,TH,50.581574,11.142585,1902-08-05,449,0.16549517705035255
USA,Brooklyn,NY,40.678178,-73.944158,DEU,OberweiÃŸbach,TH,50.581574,11.142585,1903-07-09,521,0.1920333791608768
USA,Brooklyn,NY,40.678178,-73.944158,DEU,OberweiÃŸbach,TH,50.581574,11.142585,1905-11-21,407,0.15001455915254674
USA,Brooklyn,NY,40.678178,-73.944158,DEU,OberweiÃŸbach,TH,50.581574,11.142585,1906-10-02,408,0.1503831452929707
USA,Brooklyn,NY,40.678178,-73.944158,DEU,OberweiÃŸbach,TH,50.581574,11.142585,1907-01-09,459,0.16918103845459204
USA,Brooklyn,NY,40.678178,-73.944158,DEU,OberweiÃŸbach,TH,50.581574,11.142585,1907-05-09,391,0.1441171809057636
USA,Brooklyn,NY,40.678178,-73.944158,DEU,OberweiÃŸbach,TH,50.581574,11.142585,1908-02-12,332,0.12237059862075066
USA,Brooklyn,NY,40.678178,-73.944158,DEU,OberweiÃŸbach,TH,50.581574,11.142585,1908-04-19,434,0.15996638494399334
USA,Brooklyn,NY,40.678178,-73.944158,DEU,OberweiÃŸbach,TH,50.581574,11.142585,1908-08-07,364,0.134165355114317
USA,Brooklyn,NY,40.678178,-73.944158,DEU,OberweiÃŸbach,TH,50.581574,11.142585,1908-11-11,545,0.20087944653105155
USA,Brooklyn,NY,40.678178,-73.944158,DEU,OberweiÃŸbach,TH,50.581574,11.142585,1909-05-21,331,0.12200201248032672
USA,Brooklyn,NY,40.678178,-73.944158,DEU,OberweiÃŸbach,TH,50.581574,11.142585,1909-12-25,389,0.14338000862491568
USA,Brooklyn,NY,40.678178,-73.944158,DEU,OberweiÃŸbach,TH,50.581574,11.142585,1913-05-30,510,0.18797893161621337
USA,Brooklyn,NY,40.678178,-73.944158,DEU,OberweiÃŸbach,TH,50.581574,11.142585,1913-06-29,391,0.1441171809057636
USA,Brooklyn,NY,40.678178,-73.944158,DEU,OberweiÃŸbach,TH,50.581574,11.142585,1913-08-27,338,0.12458211546329435
USA,Brooklyn,NY,40.678178,-73.944158,DEU,OberweiÃŸbach,TH,50.581574,11.142585,1916-06-23,237,0.08735491528047562
USA,Brooklyn,NY,40.678178,-73.944158,DEU,OberweiÃŸbach,TH,50.581574,11.142585,1927-03-11,391,0.1441171809057636
USA,Brooklyn,NY,40.678178,-73.944158,DEU,OberweiÃŸbach,TH,50.581574,11.142585,1917-03-22,429,0.1581234542418736
USA,Brooklyn,NY,40.678178,-73.944158,DEU,OberweiÃŸbach,TH,50.581574,11.142585,1917-12-30,392,0.14448576704618754
USA,Brooklyn,NY,40.678178,-73.944158,DEU,OberweiÃŸbach,TH,50.581574,11.142585,1925-07-15,234,0.08624915685920378
USA,Brooklyn,NY,40.678178,-73.944158,DEU,OberweiÃŸbach,TH,50.581574,11.142585,1926-05-18,585,0.21562289214800945
USA,Brooklyn,NY,40.678178,-73.944158,DEU,OberweiÃŸbach,TH,50.581574,11.142585,1926-07-15,443,0.16328366020780888
USA,Brooklyn,NY,40.678178,-73.944158,DEU,OberweiÃŸbach,TH,50.581574,11.142585,1926-10-01,456,0.16807528003332017
USA,Brooklyn,NY,40.678178,-73.944158,DEU,OberweiÃŸbach,TH,50.581574,11.142585,1930-01-27,349,0.12863656300795778
USA,Brooklyn,NY,40.678178,-73.944158,DEU,OberweiÃŸbach,TH,50.581574,11.142585,1930-02-02,427,0.1573862819610257
USA,Waterloo,WI,43.183884,-88.988442,DEU,Roda,TH,50.93123,11.016121,1865-05-03,348,0.12826797686753383
USA,Waterloo,WI,43.183884,-88.988442,DEU,Roda,TH,50.93123,11.016121,1865-12-27,478,0.17618417512264703
USA,"Amherst, Portage Co.",WI,44.450808,-89.284836,DEU,Roda,TH,50.93123,11.016121,1866-03-31,322,0.11868473721651118
USA,"Amherst, Portage Co.",WI,44.450808,-89.284836,DEU,Roda,TH,50.93123,11.016121,1870-08-26,406,0.1496459730121228
USA,"Amherst, Portage Co.",WI,44.450808,-89.284836,DEU,Roda,TH,50.93123,11.016121,1871-10-04,479,0.17655276126307098
USA,"Amherst, Portage Co.",WI,44.450808,-89.284836,DEU,Roda,TH,50.93123,11.016121,1872-08-14,244,0.08993501826344326
USA,"Amherst, Portage Co.",WI,44.450808,-89.284836,DEU,Roda,TH,50.93123,11.016121,1872-12-25,420,0.15480617897805807
USA,"Amherst, Portage Co.",WI,44.450808,-89.284836,DEU,Roda,TH,50.93123,11.016121,1873-07-07,454,0.1673381077524723
USA,"Amherst, Portage Co.",WI,44.450808,-89.284836,DEU,Roda,TH,50.93123,11.016121,1874-03-21,618,0.22778623478199972
USA,"Amherst, Portage Co.",WI,44.450808,-89.284836,DEU,Roda,TH,50.93123,11.016121,1875-05-26,382,0.14079990564194805
USA,"Amherst, Portage Co.",WI,44.450808,-89.284836,DEU,Roda,TH,50.93123,11.016121,1877-09-25,574,0.21156844460334603
USA,"Amherst, Portage Co.",WI,44.450808,-89.284836,DEU,Roda,TH,50.93123,11.016121,1877-11-15,376,0.13858838879940436
USA,"Amherst, Portage Co.",WI,44.450808,-89.284836,DEU,Roda,TH,50.93123,11.016121,1878-04-17,418,0.15406900669721016
USA,"Amherst, Portage Co.",WI,44.450808,-89.284836,DEU,Roda,TH,50.93123,11.016121,1878-08-21,422,0.15554335125890598
USA,"Amherst, Portage Co.",WI,44.450808,-89.284836,DEU,Roda,TH,50.93123,11.016121,1879-04-30,382,0.14079990564194805
USA,"Amherst, Portage Co.",WI,44.450808,-89.284836,DEU,Roda,TH,50.93123,11.016121,1883-05-02,332,0.12237059862075066
USA,"Amherst, Portage Co.",WI,44.450808,-89.284836,DEU,Roda,TH,50.93123,11.016121,1885-08-06,582,0.2145171337267376
USA,"Amherst, Portage Co.",WI,44.450808,-89.284836,DEU,Roda,TH,50.93123,11.016121,1885-12-05,397,0.14632869774830726
USA,Minneapolis,MN,44.977753,-93.265011,DEU,Apolda,TH,51.02601,11.51555,1912-12-24,452,0.16660093547162438
DEU,GrÃ¤fenthal,TH,50.525772,11.310406,USA,New York,NY,40.712784,-74.005941000000007,1891-10-29,314,0.1157360480931196
DEU,Piesau,TH,50.512949,11.21717,USA,New York,NY,40.712784,-74.005941000000007,1891-05-09,200,0.07371722808478956
DEU,Piesau,TH,50.512949,11.21717,USA,New York,NY,40.712784,-74.005941000000007,1891-08-23,386,0.14227425020364384
USA,Austin,TX,30.267153,-97.743061,DEU,Piesau,TH,50.512949,11.21717,1879-10-09,393,0.14485435318661147
USA,Austin,TX,30.267153,-97.743061,DEU,Piesau,TH,50.512949,11.21717,1880-05-03,381,0.1404313195015241
USA,Austin,TX,30.267153,-97.743061,DEU,Piesau,TH,50.512949,11.21717,1883-04-21,407,0.15001455915254674
USA,Austin,TX,30.267153,-97.743061,DEU,Piesau,TH,50.512949,11.21717,1884-05-05,578,0.21304278916504182
USA,Austin,TX,30.267153,-97.743061,DEU,Piesau,TH,50.512949,11.21717,1884-07-16,440,0.16217790178653702
USA,Austin,TX,30.267153,-97.743061,DEU,Piesau,TH,50.512949,11.21717,1886-07-13,341,0.1256878738845662
USA,New York,NY,40.712784,-74.005941000000007,DEU,Piesau,TH,50.512949,11.21717,1891-03-14,365,0.13453394125474094
USA,New York,NY,40.712784,-74.005941000000007,DEU,Piesau,TH,50.512949,11.21717,1891-03-16,281,0.10357270545912932
USA,New York,NY,40.712784,-74.005941000000007,DEU,Piesau,TH,50.512949,11.21717,1891-04-08,511,0.18834751775663733
USA,New York,NY,40.712784,-74.005941000000007,DEU,Piesau,TH,50.512949,11.21717,1891-04-16,457,0.16844386617374413
USA,New York,NY,40.712784,-74.005941000000007,DEU,Piesau,TH,50.512949,11.21717,1891-05-11,416,0.15333183441636228
USA,New York,NY,40.712784,-74.005941000000007,DEU,Piesau,TH,50.512949,11.21717,1891-06-22,337,0.1242135293228704
USA,Brenham,TX,30.166883,-96.397744,DEU,Piesau,TH,50.512949,11.21717,1891-07-08,425,0.1566491096801778
USA,Brenham,TX,30.166883,-96.397744,DEU,Piesau,TH,50.512949,11.21717,1891-09-02,297,0.10947008370591249
USA,Brenham,TX,30.166883,-96.397744,DEU,Piesau,TH,50.512949,11.21717,1891-09-17,454,0.1673381077524723
USA,Brenham,TX,30.166883,-96.397744,DEU,Piesau,TH,50.512949,11.21717,1891-11-04,350,0.1290051491483817
USA,Brenham,TX,30.166883,-96.397744,DEU,Piesau,TH,50.512949,11.21717,1891-11-11,387,0.1426428363440678
USA,Brenham,TX,30.166883,-96.397744,DEU,Piesau,TH,50.512949,11.21717,1891-11-30,351,0.12937373528880566
USA,Brenham,TX,30.166883,-96.397744,DEU,Piesau,TH,50.512949,11.21717,1891-12-19,341,0.1256878738845662
USA,Brenham,TX,30.166883,-96.397744,DEU,Piesau,TH,50.512949,11.21717,1894-06-23,547,0.20161661881189943
DEU,Leipzig,SA,51.410476,12.754026,DEU,Leisnig,SA,51.15772,12.928458,1892-02-11,432,0.15922921266314544
USA,Oliverea,NY,42.065369,-74.460152,USA,New York,NY,40.712784,-74.005941000000007,1967-11-13,449,0.16549517705035255
USA,Trenton,NJ,40.217053,-74.742938,DEU,MÃ¼hlhausen,TH,51.209865,10.4571,1862-09-28,476,0.17544700284179915
USA,Trenton,NJ,40.217053,-74.742938,DEU,MÃ¼hlhausen,TH,51.209865,10.4571,1863-08-20,403,0.14854021459085096
USA,Trenton,NJ,40.217053,-74.742938,DEU,MÃ¼hlhausen,TH,51.209865,10.4571,1867-06-10,332,0.12237059862075066
USA,Trenton,NJ,40.217053,-74.742938,DEU,MÃ¼hlhausen,TH,51.209865,10.4571,1870-11-09,352,0.12974232142922962
USA,Trenton,NJ,40.217053,-74.742938,DEU,MÃ¼hlhausen,TH,51.209865,10.4571,1871-09-13,365,0.13453394125474094
USA,Trenton,NJ,40.217053,-74.742938,DEU,MÃ¼hlhausen,TH,51.209865,10.4571,1872-05-22,381,0.1404313195015241
USA,Trenton,NJ,40.217053,-74.742938,DEU,MÃ¼hlhausen,TH,51.209865,10.4571,1872-12-15,399,0.14706587002915517
USA,Trenton,NJ,40.217053,-74.742938,DEU,MÃ¼hlhausen,TH,51.209865,10.4571,1878-12-14,381,0.1404313195015241
DEU,Erfurt,TH,50.984768,11.02988,DEU,MÃ¼hlhausen,TH,51.209865,10.4571,1851-11-17,322,0.11868473721651118
USA,Perry,OK,36.289486,-97.288098,DEU,Jena,TH,50.927054,11.589237,1936-09-07,572,0.21083127232249813
USA,Shamrock,OK,35.910069,-96.583905,DEU,Jena,TH,50.927054,11.589237,1936-10-17,401,0.14780304231000305
USA,Perry,OK,36.289486,-97.288098,DEU,Jena,TH,50.927054,11.589237,1936-12-03,409,0.15075173143339465
USA,Midford,OK,36.806973,-97.733664,DEU,Jena,TH,50.927054,11.589237,1937-01-11,306,0.11278735896972802
USA,Wellington,KS,37.2653,-97.371712,DEU,Jena,TH,50.927054,11.589237,1937-05-05,355,0.13084807985050145
USA,Rochester,NY,43.16103,-77.610922,DEU,Jena,TH,50.927054,11.589237,1957-12-23,331,0.12200201248032672
USA,Rochester,NY,43.16103,-77.610922,DEU,Jena,TH,50.927054,11.589237,1958-04-19,562,0.20714541091825864
USA,Rochester,NY,43.16103,-77.610922,DEU,Jena,TH,50.927054,11.589237,1938-12-12,439,0.16180931564611306
USA,Rochester,NY,43.16103,-77.610922,DEU,Jena,TH,50.927054,11.589237,1939-01-08,481,0.1772899335439189
USA,Rochester,NY,43.16103,-77.610922,DEU,Jena,TH,50.927054,11.589237,1939-03-24,249,0.091777948965563
USA,Rochester,NY,43.16103,-77.610922,DEU,Jena,TH,50.927054,11.589237,1939-06-30,393,0.14485435318661147
USA,Rochester,NY,43.16103,-77.610922,DEU,Jena,TH,50.927054,11.589237,1939-11-15,404,0.1489088007312749
USA,Rochester,NY,43.16103,-77.610922,DEU,Jena,TH,50.927054,11.589237,1941-02-01,400,0.14743445616957912
USA,Pittsburgh,PN,40.440625,-79.995886,DEU,Jena,TH,50.927054,11.589237,1943-02-10,518,0.19092762073960495
USA,Pittsburgh,PN,40.440625,-79.995886,DEU,Jena,TH,50.927054,11.589237,1943-06-21,538,0.1982993435480839
USA,Pittsburgh,PN,40.440625,-79.995886,DEU,Jena,TH,50.927054,11.589237,1944-02-15,334,0.12310777090159856
USA,Pittsburgh,PN,40.440625,-79.995886,DEU,Jena,TH,50.927054,11.589237,1945-01-07,388,0.14301142248449175
USA,Pittsburgh,PN,40.440625,-79.995886,DEU,Jena,TH,50.927054,11.589237,1945-08-23,312,0.11499887581227171
USA,Pittsburgh,PN,40.440625,-79.995886,DEU,Jena,TH,50.927054,11.589237,1948-07-02,451,0.16623234933120046
USA,Brownfield,TX,33.181204,-102.274349,DEU,Jena,TH,50.927054,11.589237,1949-06-23,435,0.16033497108441727
USA,Plainview,TX,34.184794,-101.706842,DEU,Jena,TH,50.927054,11.589237,1957-11-26,239,0.08809208756132351
USA,Plainview,TX,34.184794,-101.706842,DEU,Jena,TH,50.927054,11.589237,1958-06-03,458,0.16881245231416808
USA,Lubbock,TX,33.577863,-101.855166,DEU,Jena,TH,50.927054,11.589237,1958-07-19,315,0.11610463423354354
USA,Lubbock,TX,33.577863,-101.855166,DEU,Jena,TH,50.927054,11.589237,1958-11-03,320,0.11794756493566329
USA,Sweetwater,TX,32.470952,-100.405938,DEU,Jena,TH,50.927054,11.589237,1958-12-20,433,0.1595977988035694
USA,Sweetwater,TX,32.470952,-100.405938,DEU,Jena,TH,50.927054,11.589237,1959-02-21,436,0.16070355722484123
USA,Lubbock,TX,33.577863,-101.855166,DEU,Jena,TH,50.927054,11.589237,1959-05-02,372,0.13711404423770857
USA,Spur,TX,33.476477,-100.855686,DEU,Jena,TH,50.927054,11.589237,1959-08-06,335,0.1234763570420225
USA,Haskell,TX,33.157603,-99.733701,DEU,Jena,TH,50.927054,11.589237,1959-11-18,430,0.15849204038229756
USA,Lubbock,TX,33.577863,-101.855166,DEU,Jena,TH,50.927054,11.589237,1960-01-25,464,0.17102396915671178
USA,Lamesa,TX,32.7376,-101.950992,DEU,Jena,TH,50.927054,11.589237,1960-03-08,312,0.11499887581227171
USA,Lamesa,TX,32.7376,-101.950992,DEU,Jena,TH,50.927054,11.589237,1960-05-20,271,0.09988684405488985
USA,Lamesa,TX,32.7376,-101.950992,DEU,Jena,TH,50.927054,11.589237,1960-07-04,427,0.1573862819610257
USA,Rochester,NY,43.16103,-77.610922,DEU,Jena,TH,50.927054,11.589237,1961-01-15,564,0.20788258319910655
USA,Lubbock,TX,33.577863,-101.855166,DEU,Jena,TH,50.927054,11.589237,1961-05-26,371,0.13674545809728464
USA,Big Spring,TX,32.250398,-101.478735,DEU,Jena,TH,50.927054,11.589237,1961-07-19,356,0.1312166659909254
USA,Haskell,TX,33.157603,-99.733701,DEU,Jena,TH,50.927054,11.589237,1961-09-30,436,0.16070355722484123
USA,Seymour,TX,33.594261,-99.260353,DEU,Jena,TH,50.927054,11.589237,1961-10-20,408,0.1503831452929707
USA,Seymour,TX,33.594261,-99.260353,DEU,Jena,TH,50.927054,11.589237,1961-12-09,488,0.17987003652688652
USA,Guanah,TX,34.297855,-99.740372,DEU,Jena,TH,50.927054,11.589237,1962-06-03,511,0.18834751775663733
USA,Lubbock,TX,33.577863,-101.855166,DEU,Jena,TH,50.927054,11.589237,1962-10-16,401,0.14780304231000305
USA,Perryto,TX,36.400031,-100.802651,DEU,Jena,TH,50.927054,11.589237,1964-05-16,492,0.1813443810885823
USA,Burlington,CO,39.306108,-102.269356,DEU,Jena,TH,50.927054,11.589237,1965-03-08,456,0.16807528003332017
USA,Stratton,CO,39.303328,-102.604645,DEU,Jena,TH,50.927054,11.589237,1965-08-04,445,0.16402083248865676
USA,Ozona,TX,30.702225,-101.201382,DEU,Jena,TH,50.927054,11.589237,1969-06-07,218,0.08035177861242061
USA,Ozona,TX,30.702225,-101.201382,DEU,Jena,TH,50.927054,11.589237,1969-08-10,346,0.12753080458668592
USA,Seminole,TX,32.718993,-102.64491,DEU,Jena,TH,50.927054,11.589237,1976-08-29,414,0.15259466213551437
USA,Seminole,TX,32.718993,-102.64491,DEU,Jena,TH,50.927054,11.589237,1978-05-01,376,0.13858838879940436
USA,Seminole,TX,32.718993,-102.64491,DEU,Jena,TH,50.927054,11.589237,1978-10-09,534,0.1968249989863881
DEU,Jena,TH,50.927054,11.589237,USA,Texas,various places,33.079122,-96.730983,1959-12-16,460,0.169549624595016
DEU,Jena,TH,50.927054,11.589237,USA,Texas,various places,33.079122,-96.730983,1960-01-21,383,0.141168491782372
DEU,Jena,TH,50.927054,11.589237,USA,Texas,various places,33.079122,-96.730983,1961-10-03,438,0.16144072950568913
DEU,Jena,TH,50.927054,11.589237,USA,Texas,various places,33.079122,-96.730983,1961-10-19,274,0.1009926024761617
DEU,Jena,TH,50.927054,11.589237,USA,Texas,various places,33.079122,-96.730983,1961-10-23,461,0.16991821073543992
DEU,Jena,TH,50.927054,11.589237,USA,Texas,various places,33.079122,-96.730983,1961-11-12,417,0.15370042055678623
DEU,Jena,TH,50.927054,11.589237,USA,Texas,various places,33.079122,-96.730983,1961-12-30,427,0.1573862819610257
USA,Cleveland,OH,41.49932,-81.694361,DEU,Remptendorf,TH,50.528715,11.659751,1872-03-24,413,0.15222607599509044
USA,Cleveland,OH,41.49932,-81.694361,DEU,Remptendorf,TH,50.528715,11.659751,1872-12-05,194,0.07150571124224588
USA,Covington,KY,39.083671,-84.508554,DEU,Remptendorf,TH,50.528715,11.659751,1873-04-03,480,0.17692134740349494
USA,Ohio,OH,40.417287,-82.907123,DEU,Remptendorf,TH,50.528715,11.659751,1873-10-09,320,0.11794756493566329
USA,Ohio,OH,40.417287,-82.907123,DEU,Remptendorf,TH,50.528715,11.659751,1873-11-03,430,0.15849204038229756
USA,O. Folly Island,SC,32.665642,-79.920669,DEU,Remptendorf,TH,50.528715,11.659751,1874-03-20,241,0.08882925984217141
USA,O. Folly Island,SC,32.665642,-79.920669,DEU,Remptendorf,TH,50.528715,11.659751,1874-05-27,322,0.11868473721651118
USA,Fernandina,FL,30.332184,-81.655651,DEU,Remptendorf,TH,50.528715,11.659751,1874-12-31,273,0.10062401633573774
USA,Fernandina,FL,30.332184,-81.655651,DEU,Remptendorf,TH,50.528715,11.659751,1875-02-26,339,0.1249507016037183
USA,Fernandina,FL,30.332184,-81.655651,DEU,Remptendorf,TH,50.528715,11.659751,1875-03-14,428,0.15775486810144965
USA,Fernandina,FL,30.332184,-81.655651,DEU,Remptendorf,TH,50.528715,11.659751,1875-08-02,210,0.07740308948902903
USA,Fernandina,FL,30.332184,-81.655651,DEU,Remptendorf,TH,50.528715,11.659751,1875-09-22,240,0.08846067370174747
USA,Fernandina,FL,30.332184,-81.655651,DEU,Remptendorf,TH,50.528715,11.659751,1876-07-23,474,0.17470983056095124
USA,Jacksonville,FL,30.332184,-81.655651,DEU,Remptendorf,TH,50.528715,11.659751,1876-09-21,554,0.20419672179486706
USA,St. Augustine,FL,29.901244,-81.312434,DEU,Remptendorf,TH,50.528715,11.659751,1876-12-11,600,0.22115168425436868
USA,St. Augustine,FL,29.901244,-81.312434,DEU,Remptendorf,TH,50.528715,11.659751,1877-10-03,383,0.141168491782372
USA,St. Augustine,FL,29.901244,-81.312434,DEU,Remptendorf,TH,50.528715,11.659751,1877-12-25,412,0.1518574898546665
USA,St. Augustine,FL,29.901244,-81.312434,DEU,Remptendorf,TH,50.528715,11.659751,1878-05-04,522,0.19240196530130074
USA,St. Augustine,FL,29.901244,-81.312434,DEU,Remptendorf,TH,50.528715,11.659751,1878-11-24,502,0.1850302424928218
USA,New York,NY,40.712784,-74.005941000000007,DEU,Remptendorf,TH,50.528715,11.659751,1926-09-01,341,0.1256878738845662
USA,New York,NY,40.712784,-74.005941000000007,DEU,Remptendorf,TH,50.528715,11.659751,1939-03-18,390,0.14374859476533963
USA,Blue Ridge Summit,PA,39.724262,-77.471378,DEU,Remptendorf,TH,50.528715,11.659751,1963-06-04,356,0.1312166659909254
USA,Blue Ridge Summit,PA,39.724262,-77.471378,DEU,Remptendorf,TH,50.528715,11.659751,1963-12-28,354,0.13047949371007753
USA,Blue Ridge Summit,PA,39.724262,-77.471378,DEU,Remptendorf,TH,50.528715,11.659751,1964-07-02,395,0.14559152546745938
USA,Blue Ridge Summit,PA,39.724262,-77.471378,DEU,Remptendorf,TH,50.528715,11.659751,1967-06-24,520,0.19166479302045283
USA,Blue Ridge Summit,PA,39.724262,-77.471378,DEU,Remptendorf,TH,50.528715,11.659751,1967-08-29,307,0.11315594511015196
USA,Blue Ridge Summit,PA,39.724262,-77.471378,DEU,Remptendorf,TH,50.528715,11.659751,1967-12-13,505,0.18613600091409363
USA,Blue Ridge Summit,PA,39.724262,-77.471378,DEU,Remptendorf,TH,50.528715,11.659751,1968-04-02,306,0.11278735896972802
USA,Blue Ridge Summit,PA,39.724262,-77.471378,DEU,Remptendorf,TH,50.528715,11.659751,1969-03-19,281,0.10357270545912932
USA,Blue Ridge Summit,PA,39.724262,-77.471378,DEU,Remptendorf,TH,50.528715,11.659751,1969-06-30,404,0.1489088007312749
USA,Blue Ridge Summit,PA,39.724262,-77.471378,DEU,Remptendorf,TH,50.528715,11.659751,1971-07-15,389,0.14338000862491568
USA,Blue Ridge Summit,PA,39.724262,-77.471378,DEU,Remptendorf,TH,50.528715,11.659751,1971-08-04,608,0.22410037337776026
USA,Blue Ridge Summit,PA,39.724262,-77.471378,DEU,Remptendorf,TH,50.528715,11.659751,1973-08-25,344,0.12679363230583804
USA,Blue Ridge Summit,PA,39.724262,-77.471378,DEU,Remptendorf,TH,50.528715,11.659751,1974-06-16,455,0.16770669389289625
USA,Blue Ridge Summit,PA,39.724262,-77.471378,DEU,Remptendorf,TH,50.528715,11.659751,1975-06-28,339,0.1249507016037183
USA,Blue Ridge Summit,PA,39.724262,-77.471378,DEU,Remptendorf,TH,50.528715,11.659751,1975-07-20,610,0.22483754565860814
USA,Blue Ridge Summit,PA,39.724262,-77.471378,DEU,Remptendorf,TH,50.528715,11.659751,1976-03-31,521,0.1920333791608768
USA,Blue Ridge Summit,PA,39.724262,-77.471378,DEU,Remptendorf,TH,50.528715,11.659751,1976-06-13,402,0.148171628450427
USA,Blue Ridge Summit,PA,39.724262,-77.471378,DEU,Remptendorf,TH,50.528715,11.659751,1977-04-27,273,0.10062401633573774
USA,Chicago,IL,41.878114,-87.629798,DEU,Remptendorf,TH,50.528715,11.659751,1918-11-17,262,0.09656956879107431
USA,Orange,NJ,40.770619,-74.232648,DEU,Remptendorf,TH,50.528715,11.659751,1866-09-16,523,0.1927705514417247
USA,Orange,NJ,40.770619,-74.232648,DEU,Remptendorf,TH,50.528715,11.659751,1876-08-07,475,0.1750784167013752
USA,Warrensville,OH,41.326467,-76.945521,DEU,Remptendorf,TH,50.528715,11.659751,1890-05-22,431,0.15886062652272148
USA,Warrensville,OH,41.326467,-76.945521,DEU,Remptendorf,TH,50.528715,11.659751,1890-09-20,366,0.1349025273951649
USA,Warrensville,OH,41.326467,-76.945521,DEU,Remptendorf,TH,50.528715,11.659751,1893-12-08,381,0.1404313195015241
USA,Ann Arbor,MI,42.280826,-83.743038,DEU,Remptendorf,TH,50.528715,11.659751,1916-05-12,537,0.19793075740765995
USA,Ann Arbor,MI,42.280826,-83.743038,DEU,Remptendorf,TH,50.528715,11.659751,1916-08-25,510,0.18797893161621337
USA,Homer,OH,40.252612,-82.518687,DEU,Remptendorf,TH,50.528715,11.659751,1917-03-25,351,0.12937373528880566
USA,Ann Arbor,MI,42.280826,-83.743038,DEU,Remptendorf,TH,50.528715,11.659751,1917-04-27,367,0.13527111353558882
USA,Ann Arbor,MI,42.280826,-83.743038,DEU,Remptendorf,TH,50.528715,11.659751,1918-01-24,390,0.14374859476533963
USA,Orange,NJ,40.770619,-74.232648,DEU,Remptendorf,TH,50.528715,11.659751,1930-12-06,527,0.1942448960034205
USA,Orange,NJ,40.770619,-74.232648,DEU,Remptendorf,TH,50.528715,11.659751,1931-12-06,269,0.09914967177404195
USA,New York,NY,40.712784,-74.005941000000007,DEU,Remptendorf,TH,50.528715,11.659751,1940-08-20,357,0.13158525213134936
USA,New York,NY,40.712784,-74.005941000000007,DEU,Remptendorf,TH,50.528715,11.659751,1960-10-04,310,0.11426170353142381
USA,New York,NY,40.712784,-74.005941000000007,DEU,Remptendorf,TH,50.528715,11.659751,1962-11-05,342,0.12605646002499013
USA,New York,NY,40.712784,-74.005941000000007,DEU,Remptendorf,TH,50.528715,11.659751,1964-06-01,370,0.13637687195686068
USA,New York,NY,40.712784,-74.005941000000007,DEU,Remptendorf,TH,50.528715,11.659751,1965-10-10,453,0.16696952161204834
USA,New York,NY,40.712784,-74.005941000000007,DEU,Remptendorf,TH,50.528715,11.659751,1966-01-24,368,0.13563969967601278
USA,Wilmington,Delaware,39.739072,-75.539788,DEU,Remptendorf,TH,50.528715,11.659751,1966-04-25,351,0.12937373528880566
USA,Wilmington,Delaware,39.739072,-75.539788,DEU,Remptendorf,TH,50.528715,11.659751,1967-06-28,289,0.10652139458252091
USA,Wilmington,Delaware,39.739072,-75.539788,DEU,Remptendorf,TH,50.528715,11.659751,1969-06-23,445,0.16402083248865676
USA,Wilmington,Delaware,39.739072,-75.539788,DEU,Remptendorf,TH,50.528715,11.659751,1970-09-19,327,0.12052766791863093
USA,Wilmington,Delaware,39.739072,-75.539788,DEU,Remptendorf,TH,50.528715,11.659751,1971-08-02,407,0.15001455915254674
USA,Wilmington,Delaware,39.739072,-75.539788,DEU,Remptendorf,TH,50.528715,11.659751,1972-06-25,451,0.16623234933120046
USA,Wilmington,Delaware,39.739072,-75.539788,DEU,Remptendorf,TH,50.528715,11.659751,1972-07-19,543,0.20014227425020364
USA,Wilmington,Delaware,39.739072,-75.539788,DEU,Remptendorf,TH,50.528715,11.659751,1977-08-12,421,0.15517476511848202
USA,Columbus,OH,39.961176,-82.998794,DEU,Remptendorf,TH,50.528715,11.659751,1944-06-28,350,0.1290051491483817
USA,Columbus,OH,39.961176,-82.998794,DEU,Remptendorf,TH,50.528715,11.659751,1964-08-01,286,0.10541563616124906
USA,Columbus,OH,39.961176,-82.998794,DEU,Remptendorf,TH,50.528715,11.659751,1966-05-07,394,0.14522293932703542
USA,Columbus,OH,39.961176,-82.998794,DEU,Remptendorf,TH,50.528715,11.659751,1967-09-30,496,0.1828187256502781
USA,Columbus,OH,39.961176,-82.998794,DEU,Remptendorf,TH,50.528715,11.659751,1969-01-05,351,0.12937373528880566
USA,Columbus,OH,39.961176,-82.998794,DEU,Remptendorf,TH,50.528715,11.659751,1969-08-26,507,0.1868731731949415
USA,Wood Ridge,NJ,40.845656,-74.087919,DEU,Remptendorf,TH,50.528715,11.659751,1943-08-17,391,0.1441171809057636
USA,Wood Ridge,NJ,40.845656,-74.087919,DEU,Remptendorf,TH,50.528715,11.659751,1943-09-26,434,0.15996638494399334
USA,Jersey City,NJ,40.728157,-74.077642,DEU,Remptendorf,TH,50.528715,11.659751,1902-08-09,456,0.16807528003332017
USA,Jersey City,NJ,40.728157,-74.077642,DEU,Remptendorf,TH,50.528715,11.659751,1903-01-29,263,0.09693815493149827
USA,Princeton,NJ,40.357298,-74.667223,DEU,Remptendorf,TH,50.528715,11.659751,1903-07-29,506,0.18650458705451758
USA,New York,NY,40.78306,-73.971249,DEU,Remptendorf,TH,50.528715,11.659751,1904-01-29,420,0.15480617897805807
USA,Port Cester,NY,41.001764,-73.665683,DEU,Remptendorf,TH,50.528715,11.659751,1905-07-29,382,0.14079990564194805
USA,Jersey City,NJ,40.728157,-74.077642,DEU,Remptendorf,TH,50.528715,11.659751,1907-05-28,598,0.22041451197352077
USA,Jersey City,NJ,40.728157,-74.077642,DEU,Remptendorf,TH,50.528715,11.659751,1908-08-26,372,0.13711404423770857
USA,Jersey City,NJ,40.728157,-74.077642,DEU,Remptendorf,TH,50.528715,11.659751,1909-01-24,339,0.1249507016037183
USA,Jersey City,NJ,40.728157,-74.077642,DEU,Remptendorf,TH,50.528715,11.659751,1909-12-25,353,0.13011090756965357
USA,Jersey City,NJ,40.728157,-74.077642,DEU,Remptendorf,TH,50.528715,11.659751,1910-05-16,415,0.15296324827593832
USA,Jersey City,NJ,40.728157,-74.077642,DEU,Remptendorf,TH,50.528715,11.659751,1911-05-01,450,0.1658637631907765
USA,Jersey City,NJ,40.728157,-74.077642,DEU,Remptendorf,TH,50.528715,11.659751,1912-11-16,467,0.17212972757798362
USA,Jersey City,NJ,40.728157,-74.077642,DEU,Remptendorf,TH,50.528715,11.659751,1913-05-23,445,0.16402083248865676
USA,Rutherford,NJ,40.826489,-74.106809,DEU,Remptendorf,TH,50.528715,11.659751,1914-12-15,325,0.11979049563778303
USA,Carlstadt,NJ,40.840378,-74.090697,DEU,Remptendorf,TH,50.528715,11.659751,1916-06-26,218,0.08035177861242061
USA,Carlstadt,NJ,40.840378,-74.090697,DEU,Remptendorf,TH,50.528715,11.659751,1917-05-21,405,0.14927738687169886
USA,Carlstadt,NJ,40.840378,-74.090697,DEU,Remptendorf,TH,50.528715,11.659751,1917-08-19,391,0.1441171809057636
USA,Carlstadt,NJ,40.840378,-74.090697,DEU,Remptendorf,TH,50.528715,11.659751,1917-11-26,625,0.23036633776496737
USA,Carlstadt,NJ,40.840378,-74.090697,DEU,Remptendorf,TH,50.528715,11.659751,1917-12-29,328,0.12089625405905487
USA,Carlstadt,NJ,40.840378,-74.090697,DEU,Remptendorf,TH,50.528715,11.659751,1918-02-18,406,0.1496459730121228
USA,Carlstadt,NJ,40.840378,-74.090697,DEU,Remptendorf,TH,50.528715,11.659751,1919-07-02,435,0.16033497108441727
USA,Carlstadt,NJ,40.840378,-74.090697,DEU,Remptendorf,TH,50.528715,11.659751,1920-01-13,421,0.15517476511848202
USA,Carlstadt,NJ,40.840378,-74.090697,DEU,Remptendorf,TH,50.528715,11.659751,1920-07-04,399,0.14706587002915517
USA,Carlstadt,NJ,40.840378,-74.090697,DEU,Remptendorf,TH,50.528715,11.659751,1923-06-24,312,0.11499887581227171
USA,Carlstadt,NJ,40.840378,-74.090697,DEU,Remptendorf,TH,50.528715,11.659751,1925-07-18,396,0.14596011160788333
USA,Carlstadt,NJ,40.840378,-74.090697,DEU,Remptendorf,TH,50.528715,11.659751,1926-04-15,446,0.1643894186290807
USA,Carlstadt,NJ,40.840378,-74.090697,DEU,Remptendorf,TH,50.528715,11.659751,1931-08-16,477,0.1758155889822231
USA,Carlstadt,NJ,40.840378,-74.090697,DEU,Remptendorf,TH,50.528715,11.659751,1932-06-18,434,0.15996638494399334
USA,Carlstadt,NJ,40.840378,-74.090697,DEU,Remptendorf,TH,50.528715,11.659751,1940-06-21,327,0.12052766791863093
USA,Carlstadt,NJ,40.840378,-74.090697,DEU,Remptendorf,TH,50.528715,11.659751,1940-08-09,316,0.1164732203739675
USA,Carlstadt,NJ,40.840378,-74.090697,DEU,Remptendorf,TH,50.528715,11.659751,1940-09-17,519,0.1912962068800289
USA,Carlstadt,NJ,40.840378,-74.090697,DEU,Remptendorf,TH,50.528715,11.659751,1941-06-18,414,0.15259466213551437
USA,Carlstadt,NJ,40.840378,-74.090697,DEU,Remptendorf,TH,50.528715,11.659751,1943-06-22,327,0.12052766791863093
DEU,Sebnitz,S,50.970912,14.273873,USA,Carlstadt,NJ,40.840378,-74.090697,1931-07-18,351,0.12937373528880566
USA,Lime Ridge,WI,43.467759,-90.154849,DEU,Remptendorf,TH,50.528715,11.659751,1944-06-28,250,0.09214653510598694
USA,Lime Ridge,WI,43.467759,-90.154849,DEU,Remptendorf,TH,50.528715,11.659751,1975-07-02,357,0.13158525213134936
USA,Lime Ridge,WI,43.467759,-90.154849,DEU,Remptendorf,TH,50.528715,11.659751,1978-06-28,339,0.1249507016037183
